sequence,tox_score,non_tox score,ppl
MVPDSSRLLVADDEAGLCESLALLLRHAGFEVETALNGREALARLRDGRFEAVITDQLMPDMTGLELLREAKRLWPDVPILVITGYSTMESAVDAMRLGAFDYVMKPADLAEVRLLIERALRARQLVFENRLLRDELSAVYGLKHIVGESEEMRRLRRTLSRVAASNATVAVLGESGTGKELVARAIHYHGPVAAGPFIALNCAALPENLLEAELFGAEKGAYTGALDRRIGRFELADGGTLLLDEIGDMPLSMQAKLLRVLQERRFQRLGGNT,6.844695235486142e-06,0.9999931553047645,26.140625
MMLEHIAPLQHPPIIPNNDVEETPYENQGSQYVLLIIDDFSRYTWIRFLKNKSEAEDQFISFVKKTQNELNKTIKKVRSDNGTEFKNHNLNKFCEMKEIKREFSNKRTPQQNGVAERRNRTLIEATRTMLANSKLPTMFWAEAVNTACYVQNRVLTKKHDKKPYELWKNSLLSMTFLKVFGCPVHVLTNKDSKPFKTKEDEGCLVGYSISSKAYRVFNSRTKIVEESLNVQFLENKSNIKDGPGPNWIFDIDSLGQFRNKKSVKDQAGSPQEYIL,3.0719456844963133e-06,0.9999969280543155,44.21875
MVMDRHVRTSSCSIKVALPHEDVSTVLYGFRRIPRIERGNTSVTTWWWSGVHLARGPITPSSDCTRSNRPERRTALVARELARYKVDIAALSETRFSEQGQWEEVGAGYTFFCSGRPKAERRDAGVAFAIRNDIVGRLPCLLQGTNDHLLCLHLPLRGDQFATIINAYAPPITSPDATKDKFYEDLHALLATVSKVEKLIVLGDRNARVGTTHTAWRRLLDWPGLSSRCDNGAVLLLLRTCAEHHLVLTNSFFCLRGREKGCWSDHEAAIT,8.038344276428688e-06,0.9999919616557236,45.0
MMGDQKMPKYLKVAVPFFCFIIVLAVIWIWIKYKLVKRCARKRREEMNIALNYTYIQNDADLGGPKRFSYDELAAATQNFSPSNKLGQGGFGSVYRGVLRSGKEVAVKRLFRSNRHQVAQFRNEMKLILKLQHKNLVRLFGCCIEGQEKILIYEYLPNKSLDFFIFGDEGKSRLNWPKRYDICIHILRGILYLHQNKDCVMLHRDLKAINILLDENLTAKVSNFGMARIFSNDQNEAGTNRVVGTYGYIAPEYAMYGQFSTKS,4.920392484564218e-07,0.9999995079607515,56.78125
MCLSIRHCPSPARAAARCAAIALLAVLTASPLAAELPGRIGVASQGTAGAAPMPVAKPKVPPPAFARLYAGAKPAVVSIYVDQKVQSRGTRSIPDLPPGHPFKRLFDDFFGIPGAPRRRPREHQGTSLGSGVIISADGYILTNNHVIDKAQKIEVKLHDNRTFDAKVVGTDPRTDLALVKIETKNLPFVKMGNSDAIQVGEWVLAIGSPFGFAQTVTAGIISALGRTSLARDNLIDFIQTDAAINPGNSGGALVNTKGELVGINTAIASPTGSYIGYSFAIPIN,5.689147292287089e-05,0.9999431085270771,65.625
MAALSLLTVGCAISTAAPSPAASPTPTPTAPEPTPTPTTPKPTPTPTTPAPVIRVLALGGSLTEYVFSLGGEDSIVGADTSTVYPEASAAPQIGYLRQPDAEGVLQLRPDVVLVSPGSGPPKTIIDELRGAGVEIEVVPAETSVVGVTDRINAVAQAVGADDAANELVARLKADFDAVLAQVETIPPPSERARVLFILSAAPGVPSVAGEGTAADAMIALADAENAFDGRKGYAPINDEVVIAAEPDLILVMSRGLESVGGVDGLLQIPGLAGTPAGAKGRIIELDGLMVLGFG,6.783416210964788e-06,0.999993216583789,66.875
MMLDVKNKLIARIDNILEKMENDSILSAQTNKELAELEVEYEKAKKAFSAFTELKEEVDKAEKLIALAEAEDEDLVEQATAELEQTEAILPEIDKKLKYLLIPVEKDDKSCTLEICAGAGGVESCDFPKMIFNMFRMYANRKGWEYELNEILETDVAGYRQISLKVKGDNVYGLLKYEGGTHRLVRVSPFDANSKRQTSFAAVEILPVLENNEIEIDSNDIDWNLYHSSGPGGQHVNKTESAIRITHLPTGIVVSCQNERSQHKNKAVAMKMLLAN,3.465636609689682e-06,0.9999965343633903,66.875
MTPDPSPKIAIIGAGSIGAMLGGTLLERGHTVVLLTRDRDRAERLRRDGLRVEAGDGHATGSVRAIEPGEVAGAHDVVLIAVKTTALDAALREAGPLLADEGTLLTLQNGLGNEAAVAEIVGPERLLAGTTTQGAFLVEPGHITHSGRGSTTIGEHDGRRAEALTRIAAAFQDAGLRPTIDEDVMATLWGKLAINAAFNPLSAVLQQRNGALLAHERAAQLTRALVREAVALARAEGIGISPQELTARIRAVGDRTAANRSSMQVDLANGRHTEIDAINGEVV,1.9136159608024172e-05,0.999980863840392,69.3125
MRGPDEPDLDQASGSRPLPADELARALEAMVHTVLVTDRSGRIAWTNKAFCALTGLAAAQAVGASPGTLAGPLTGVPAAERALAAIAQQRSWSGELATVRADGTGYWEHTTVAPVYDAAGALLGFVGLDHDVTSRKDAEERLRLAARVFANAPNGLVITDPDGMIELVNPASERMSGYASAELVGRTPSLLGSAKQDEEFYRRMWDALRATGTWQGEIYDRRKSGEVRWMRQVIAPIRDIAGGITRYIVLHEDITERKAAEQQLRQAQKMEALGTLVGGIAHDFNN,5.1234441343694925e-05,0.9999487655586563,75.5
MINDDLDALRIFVAVAETGNLTRAAETLGRTQATVSLALKKLEHRLGVRLLNRTTRRIQLTEEGERYFHHATQALAALDSAVTALHEEDTELSGHLRITAPEQFGRTHLSPPLAAFLNRYPKLRVETVLSDRVVDMVGEGYDIAIRNGPLPDSSLVARQLTTSPRRLVASPDYLARHGLPETPEQLAEHDCLAYSFPITGRAPWRFRQGESEREVSVAYTPRINSNDGSVVLQAVCAGLGIAHLLDSEVAEDLQQGKLEIVLADWQSPEYGLSAVYPNRLHQPPKVKMLID,8.383044587390032e-06,0.9999916169554126,75.5
MRGPPSDADLDAVGRALRLRHVSAAEAAGAFGVEPRTVQRWRAGYRRHGPAALRPRAPHRSPNRTGAALEECVVALRREPGAAPATIAFRLGLAASSLWRVLRRHDLSRRRPRPQPPDPDADFVEFPKAHPGDLIVADLTYLRTGAGWMYLAIVLSLGSRRLVGWAQADHLDMRLATDALDAAWAWRGRPGGLVHHSDRGSQYVAVAYVARLTAHGLLASIGQRGDAYDNALQESFFASLKTELVHTHGFATSQNARAAVFEYLETFYNPVRRHSGLDYRTP,6.901848973939195e-05,0.9999309815102606,77.3125
MHSPRQPAPAAPSPAHGILLLLLLLAAGRGALGWGWLQVQPEAKAVIIGSEALLNCTMTVLPGQKLFVSQVTWSKVWGGARDIATFHPSYGQAYEGRSLTPGTFQRAELGDCTLRIRPLQLEDQGTYLCEFATFPTGTLQGSTTLLVLTLPESQPVCNVSGTGEAQEGGEVNLTCDSSGGRPPAELLWHGAEGVPLTGSPPLLSSRHHSNGTFTVTSRLLFTPRGGELGAPLQCRVQQRALRQPLRVPVSLRVLYAPAVSLAAGG,5.231206046119041e-07,0.9999994768793954,78.5
MASSSQTQGSASETTPTLQEQHTTSTSSSKRTRGPTKMKDIWTVPTGEKGQCYVTINGEKIGPTATKFQSLVGVTVRHCVRIGIERWKLVPKEVKEDMWEYVKETFLVDAATKKKCVKTAGRNWSNYKCRLRAQYITPFRDEPERLKNVPDGIDXDDWRWFVDYRLDPKTREMCKHNHNHRVKQTYPHTGGSKSFARICTEKDPEAKRAPNRPTLFAITHKKKDGSFVGSEAQAIGEKITKMMASPEVASEVSSDSTSVTP,3.076841949223308e-06,0.9999969231580508,83.875
MTPDKRAALDALFTPRSVGFIAGSDDPRKLGGRILHHLLTYGFPADRLYIVNPRRAEAAGLRCVTSLAELPVAPDLAILAIPTRAVVEVMTDAARHRVRFAVLISAGFGEAGEAGRALEREARALARQSGMRLIGPNCMGVYAPRPGLSAGFVPVPLPRGPVGLVCQSGGFGLYALGLARACGWGFSSAISLGNRADLDEADFLAWLAADPLTAVLGLYVEGMRNGRHLARAAAHARAVGKPILAFKVGATAAAHRAASAHTGALAPDDEVYRAGLRRAGIALAATRAALLDAAAA,4.29825195169542e-06,0.9999957017480483,84.875
MAYSIDKLSFSYPQSNSILQKVSFEIKEGEFVYLIGESGAGKSTLLKLMLNEVPASGKLFLEDKNKKDIPKWELPNWRKNLGIVFQDFRLLPEKTVYENVAFAMEVTGITKAEVKQRVINALKLVGLAGKENAYPKELSAGEQQRVSIARAIVNNPSIIIADEPTGNLDPELAQEIMEIFLRINQYGTTILMATHSKEIIDKMDKRVIKLKDGYVEKDLSHYADLPVAENKKEKPKFHFPIIKSLALMGWTNFKLMLSRTIAFFLAVVVTTISISILGTGSITSTIVSL,5.522132141777547e-06,0.9999944778678582,84.875
MQSDTTKYYYKPGKDGKPFWALGTFIPLEHESDKTVVSRLDVFLSCIVGIGFFMRSLDQTNIGNAAIAGLNKDLGMTGEQYNTAGAIITVGYVAFEIPSTALLKKLGAPSWFAILMCLWGIATATQGFVRNYAGLCVCRFFLGAAEAGFYPGVVLYLSYFYNSRELAFRSGIMFAGTALASAFSGVLAFGIGFLGGMNGYTGWRWIFIVEGILTCVVGLVVWYVFPDFPSQNIWLTAEEKDFVQTRLIEVSSSQAEIDAHEFKLKDTF,7.535212489528931e-07,0.999999246478751,85.5625
MALLSSLVAALAVMAPIATAHYKFPSLLVNDVKYGDWDYPYIRRTTNGLNPLRDLSADDVRCNAGGVPAATVTATVPAGGTIGTQWEDGSGIYHWGHVEVYMAKAPGNVATWNGDGFVWIKIHEANNGPVQSWGRNRLLQSNNWTTKIPKTPPAGEYVLRIEQLGLHNAAAPGGAQHFYSCNQLKVTGSGTGGPSSPTVRFPGGYKASDPGIRINIYSGVTNYTIPGPPVWTGASAASSQASTKTATSSSSTTTSSTPAPSPASTCGGRKGTC,6.218538601387991e-06,0.9999937814613986,95.8125
MALLSIHNVVKRFGATQALAGVDLDIEDGVVFGLLGPNGAGKTTVMRILATLIAASLGFATLGGYDLDREARQVRREIGVMSQRFSLYEDLTVRENLSYFARLYGLKGAARRAKCDAVIDRLSLQQTAQVRAAALSGGMKRRLSIACSLIHDPPILLLDEPTTGVDPQSQRDIWDFIAGIKARGKTIVLTTQYMEEADALANRVTIIHKGQIVASGTGQELRERVDEERVRIRLEKDKAAAVLQEIGGVQFVKATEGGAVVRFDDPARLAPEVLSFLAEKGIP,7.554664080089424e-06,0.9999924453359199,96.1875
MAELETSNKDLQEKIVHLKQLAVRAREDAEEANKRAMVANQQKSRFLAMVSHEIRTPMNGVLGMAELLHTTQLNDEQTRYCKVIMNSGKHLLDIVNDILDLSKSEAGKLILHKEVFNLMEMLNMVLALYPSQANEKRIDLVVDISKAIPTTHCGDVSRIRQILINIVGNAIKFTRSGHVYVQVRTQFDSQTGQLNIKVADTGIGIAEDKLNTIFESFAQADAANTRSHGGTGLGLAICKELVQKMRGTIGVVSTPGLGSCFWLSLPFEIARGIEEE,1.0198493328061886e-05,0.9999898015066719,96.9375
MYESYFNLKDPPFSISPSTDFLFLSDKLRDAYELLTYGISNRKGFILLTGQIGTGKTTLVHDFLRQFPDSIEAAYIFNPTISADQLIRVISNDFKLKYRGESKGALVETINSFLIKQNYNKHRVLLIIDEAQSLKDKILDEIRLLSNLESEKDKLIQIVLIGQSELRKSLTSKKLTQLNQRITVLYHLEPLSIEDTELYINYRLIVAGYNNQIFKSSVILSMYKYSRGIPRLINIICDRSLIASFSNKNKSVTRRLITEAIKDIGLVEKPEKKKVWMLILLL,3.9807919165468775e-06,0.9999960192080835,97.3125
MXEDLDIIIIGGGPAGLSAAVYAGRGGKSVILIDDLSGGQLQSSSNIENYPGYEEGISGGDLSNRMHTQAKSLGAXIIECKIVNVKKRXXXXXXXXGFVKAKAIILATGTRRRKLGVSSESEYKNKGISYCATCDGAFYKSERVCVIGGGNSALNDALMLGEHAKHVYVVRHLDKLTADKVMIKKVLSEKKIEFILQHQLDAILGTKKVTGVEIKDRFTGEEKIFALEGLFVAAGSVPNNDIGISSASINKRGEIKVGHGTEKSSLDGLF,0.000741337426006794,0.9992586625739932,99.625
MIRPRRFVVCLLAAFVLSLQACQNDGAKSAAADAAGKTVVDAQGNEVRIENPAQRIVSLTPSNTEILFAIGAGDQVIGVDDYSDFPEKAAIKEKIGSFDGINVEKIVALQPDLVLATTENTQQTIDKLRELGITVIVVNAQTIEDVANNLGLIGEITGKPAEAKVVAATMEARIRTVEQQTAQKNPVKVLYVVWNDPLTTVGKQTFINDLINIAGGISVSDELTDDYPQVSVEQLLLKDPDIVMDPNGKAIQGAYAKEWSGFTAIKAKQVYEVDDDILARPGPRLVDGVEKLAQ,1.7396339899278246e-05,0.9999826036601007,105.625
MAPLSRRQLLMTSSSAALGLTLAPRMSRAAAPGGSLVVGQATDIDTLDTQRSIASDERTAVQMFYDSLVELDPRGQVAPHLAERWESSPDGRTWDFFLRRGVRFHNGEPFTADDVVFSLLNHRDPANRSPWRGRFSPAGTIARVEARDEVRIVTTGPFAGLISTLSDVTILSKALNESGLQDNAFGRHPVGTGPYQFVRWVAGDQLRLTAYPDYFGGAPNVASIEFRVIPEPSTRRAALESGQVQLIAYIPPADVARLKGAPGLQVIRTPSYR,5.178998435440008e-06,0.9999948210015646,105.625
MLLLSLLLIFLFLCLLFRWPRSTYFLLIDIVLMLFFYPKLLFYDWRVAEVGLSNKQFTSQEMTLISLNVYSNNQRYETLLPLIKEQSPDIIFMMETAPRWKKQITELNKVYPYKIQTPIPDDFGEILYAEISERILLEAKYSLNQWQIPAIEINLDNGQVLHVIGTHPKPPTPGSSNSRNRDAELIQVAKFAHQIKDPVIFMGDLNDVAWSYTTTIFQKVSKLYDSRKGRGMFNTYNFRYPILRYPIDHMFVTE,1.3337770496946177e-06,0.9999986662229503,108.5625
MVQDFEMYLEGCSNIAALSPNTLSNYRSYLSHFMAFCQDTRIAFRQISSEDLRNYFYELATANNLNPQALNRQINAVKAFYRFLSSEFDFDDNIALGVTGPKVSKTLPEFLTPSDVAAMINAPDTTRFLGRRDFALLELLYATGIRVSELVNITTHHIDLDAGTVRVYGKGRKERITPLGDIAKRSLQLYIELVRRDIVADNKALFLNNRGQKLSRQTIWRLVDNYANKCGIQKNISPHTIRHSFASHMLDNGADLRVIQLLLGHSDISTTE,1.1677189831971191e-05,0.999988322810168,112.4375
MALLGAPAYGWGPVTTRFRVLGPLQVWSDGQAVAVGGRQQRALLTLLLLHGGSVVGRDELIESLWPDVDPPAAAHNTLQQAVSALRKVLSTPPSGRDHGRIVTEPCGYRLEAGTGQVDGVRFERLRTQAAALRAAEDWAAASRDFAEALGLWRGDAATGLTDVPGVHAEAVALEQRRLTAVEEAAELTWARGRHLEVLDELADWVSAHPLRERLRALQMRALYRAGRQGDALAVYDAVRSRLAAELGVEPSEELVAAHHAVLTRDPALALPADRAPPGVAPGGVVG,1.1132156032545026e-05,0.9999888678439675,124.5
MYLPVITILTIVFLCSLSNVLAIPHTNNAALRIADGNAATAGQYPHQISLRQQASGLHICGGSIINDVTVLSAGHCVDISGDPDKYRIRAGTSTLGQGGVVIEVEEVIQHPKYNDNTQDFDVAVVKLLQPLLLNDNVSPIKLADADVEPAEGAYCVVSGWGRVESNMGQTPDVLQWATVNVIDQFGCYDLLEVNDRICASRPNGGKGVCNGDSGGPLVCDGKLAGVTSFGRGCALPGFPGVYTRVSYFLDWINKNTSGLNAQEA,0.0005298753385432065,0.9994701246614568,125.0
MMEDAEIELTVLSQIPKDEDCFPVAFCLIDSKTKQNYKKIFDGLVKMVGNIHPLDIFVDFEAALIYAVEQMLPDTKIIGCLFHLSQSWWRKIQELGLKQRYKDNEDFALDIRMIVALAFLSTDDVVDGFERLSIDAPSKFRQFLDYFEDNYCNDRSLAHVKTKKPPAFPPVMWNVHERTLKGLPRTNNNVEANWMRLKAGVGMQHPSVXKLITDLRHEQGRSEAIHRQRKDGSEPPKRKVYMEKAERISDLVRNQLDATLGPNL,3.0402218271774473e-06,0.9999969597781728,125.4375
MRGPTEPHDIAVIGVGNVGRRHARVHHDLDSAELVGVCGSNSDASAAIVADTGAEAYLTVEALVEAVDAAAIVVAAPTHLHVSQVEAALDAGADVLVEKPMALRLDDANRMIDAAAEDGRRLQVGSCLRFWPEAERVREHLERGALGTPIWVVADRLGSIPGRPGWFQSDPERGGGPLFDNSIHDLDFILWHVGPVESVFAHCGGAIYPEVEEHATAILRSPTGSAAQLDLGWTLPGQFPERASIVGTQGTISSGWKDGGLEIYLQPPASSNAEQRYR,2.5980336886277655e-06,0.9999974019663114,126.9375
MVHEFLMPSLGADMREGRIVNWLKSEGETIRSGDILAEVETDKAAVEHEAYEAGVLVKLLAAEGDRVPFGAVLAVIGAPGETAPAGRGTAAPAAGSEGAEAPVAAPAGGESGRAEKIQRLAAECGVSPEALGRIPGRGPGGAVTADDIRAFLESRKPAAPPPEAAASAGAAAFPAAPRPAGTRPRYAPAPPAAPVKRKLPGAAAGAAGTRVMPLSRMRMAVARQMHESVTTLAAVTEAWEVDIARLHALRGDAPEGVPVTMNDLFAAAAARALADHPQVNTVWRPEG,5.1851511670975015e-06,0.9999948148488329,129.5
MAYGSHYIPSLDGLRALAVLEVVLYHLGLGSALPFEGGAAGVDIFFVISGYLITSILSEEVERGGASLRGFWARRTLRLAPALYFTLLYVGLFAWWYFTPLRFEDAWRTALVGLGYSSNWVLARSSVDYFESWPLLKHLWSLAVEEQFYVVWPLFLLLSRRTTRLLPLVVTFGVAAATWKVCLWAVYPEPLPRTYLPTFTRFDALLVGSALAAWMHGARRPRPPVRVAPWLGGAGLVLAVGILVADPYNEWWYRGGFALTGVLTIGFLAASLAAPGRPLSR,1.1173317489010515e-06,0.9999988826682511,129.5
MAELEKRAILSLGGEAGDGIIISGELFSRAAARIGLHIFGVTEYPSLIRGGHTYYQLRVANKDIYSHVDVVDLLVALNEESIKRHLKEVKKGAVIYYDSKIFKKGDISVAGVPTSAIARKYGAEVICQNMVATSVALNLSLLPLDVIEEVVKHTFQRKGHVVKENVAAAEMGYELVKRKQAIPSEYYELKPAKTKNVTLTGNEAVALGAMAAGCRFYAGLPMTPATTILEHLAKEAKSRNMVVVQTEDEIAAVNMAIGASFGGSRGMVATSGPGLALMVE,7.368424576270627e-06,0.9999926315754237,131.5
MTPPQQTPNQPKWTDVALYGIGLMGQNLALNLLEHGLQIHVFNRDRAKVAPLVDAGARQADTLAAACAEADLSLVCLTNDAACRQVLLGQNGICAALPAGALVVQMMTCSPETLSQMQTHAEGAGHAXLDAPMSGGQAGASRGTLTLMVAADSEVIDRARPVLSAMGQKIFYIGKNGSGLGSKIKLLCNQLTLATLESLAEVMVLADASGIDRGDLLQATTAGLADSKVLQIFGERIRREEFSPEGGFAIQNGLKDTAIAQDLARSSGAY,1.696132926554128e-06,0.9999983038670734,133.0
MIFPVHSWVMERMVALRYIARRRRRGTMVAISWVAVTGIMLGVAALVAVMVVMSGFDIELRSKLLGVNAHVVIYSWSNDVSDYDQVVSRMLAAEEVAGVTPGVYAEMMMAAGQNTNGAVIRGIDPAREAEVTQVADHIVQGSMPDLTSSRSLILGSDLAAKLGIALGDSVVLMSPNATPTPFGLLPSFKQYRVVRILKLGIYEYDSNLALAFMPLQVARRFVGTADQVSGIGLKLADPFKAPVVRDAIRSAIPGDWYVSNWMDINANLFTAIEMEKTMMLAILALIVAV,3.400887635507388e-06,0.9999965991123645,133.0
MTPPQRTATRSRARVRRRLAAYLPVLAVLIAIVAVPVVVVAAGSANRRSTPAPSATASSTPTPSTPPEVATPPEPASPRFDGSVEFPDQPDPAAAVELDRPTAPWRAVYTVTVDQPVAFDESAIEAAVQDVLNDPQSWTASGTISFNRAPDADFSIRIVLATDETTDRLCEPLHTQGQFSCNVHGDVVINSDRWLEGVPRYGQDLYSYRLYVINHEVGHRLGHGHVACTQPGALAPVMQQQTEGLAGCVANPWPWS,6.217103418748593e-06,0.9999937828965813,134.125
MXRTQIRVFAISIILLLINQGLAADWPSWQGTIRNNTVNDAGVLTNWQSEGPKLLWSVQPIGRGYSATAFGKGVLFTIGNSDETQTVYALEIENGQIIWRNKISQYYDQDPPYYYSNGPRSTPVVSGGKVYAMSGNGNVECLDLTSGTLVWNNDLSSQFGVQMPLWGYSESPLIDDNLVIVNVGGAQSGILAFSKKTGDLLWKALGEEASYASPILFDGAGGAQQVVVYTNRCCLGIDPATGDQLWVNRWPYKISANAATPLLLKGNVLLSAGYGY,9.73650639934931e-06,0.9999902634936007,140.5
MXGSTVWEQPAWIDRAPKWIADCQASRKEIKLLLEDHPEIARTLLKMRPGEIADLLRDMPEDEQATLFRHLGRTRAAEILSEMDPDDAADILADMGPDRAEALLADLEEQSSRMVRTLIGYDDATAGGLMSVDVTSIRAGFTAREAIRHVRSAAEDVDTIYNAFVVNEDQRLLGIVSLRDIMISDEKAMVSEIMAPHVIAVRAASDQEEVARTIGRYDLVALPVIDANDKIIGMITIDDILDVMLPSHWGEMQEFIGAAKDSDHRH,0.00023183644225355238,0.9997681635577464,141.625
MTPPAWRASAWLAAGAVLVMVWASGFIVARVGLAEFPPIALAVLRLTVALGVILLVARILRLPLPRGGREWRPLLALSLLNTVFHFGLMFLALERVTSGVVAIIIALQPFVVAAFAALWLKEVLTWRQVAGMLAAFAGVGLVITGGSAPLKGDLVGVALMAAACFCWAGGTLSAKWPARVPALAVTWGQMTVAALGIAAPFAILEPPRWTITWTAGFALLLIGAVGSGIAYLIWFWLITRLPPSAASTHIYVNPVFALVLSALFLGEPMTPLLISGGVV,7.320008990063798e-07,0.999999267999101,142.125
MIRPIFMNTRSTRRTTLIAALAVFAAVSLVSCDSETPNAEANQTNAESESGEQFKVGVSAPPLGAPERSLLEAARAAAEANGFEVIQASADFDAARSIEAIRSLIADRIDMIVVAPLDANAITGILDEAAEAGAMVVGYDRMTLNVNVDAFIGTDNIEVGRMQAELAAETIGEGGYVIVIGGLDDTNANSFKRGAMDVLAETDGVEVLATHYGDWDVARSETVTENLLTANEGINAVLAAYDGMAGGAIRALEELGLQGVVPVTGQDCELAAVKHVVSGRQSMT,3.013649802596774e-06,0.9999969863501974,143.25
MELPIRVCVVGSGVIGKRIAEVMTETGVEVVYAGAHEGDVVREHVRALSTIVPEAFDEAVGASDVVVEAVTERLGAKRSLFGRLDDLAPGAVIATNSSTLSVAEMVAEVRRPGRFLNGHLFNPPRLLPLIEVVPHADTSAATVETLRAWAGEKLRAVPVARVDVPGFVSNRLQFAIVRDVAQMVERGVASAEEIDRVVTDSLGLRWAAAGPLALARLVGVDTGYAVAATLLPELRDPTYTRPELVEAMVERDATGAKSGAGLYEHEGIERAEALLE,3.2862094485608395e-06,0.9999967137905514,144.375
MNDPTTAPLIGPVLFSGEFQDNPYPVLAQWREQAPLVALEDRVVAFTVHEECRELLSDPRFGTAPRTAARLREGIPPTSAILFSDSPAYGATLMELDGSDHRRLRQLVSRAFSRRMVAKMKDRIDKLVDALLDHVADGEEGTVDLVSDLAYPLPVQVIAEMIGIPREDHDAFKRWTDAIAIAMDSSEMTPEQAEKSEQAMQELAEYFDRMVEERREGENDDLLAELIAAQTEGDRLDEREILSFCQILVLAGYETTTNLITNGLLMLRDDAALRV,2.9539883144025225e-06,0.9999970460116856,145.0
MAVLGAVLLVAIFAPLLAPHDPFATNAAGLLQPPSARHWLGTDEIGRDILSRVIYGSWTSLLVGVVAALIGSLIGTVMGLLAGYLGGAFDTWVMRLGDIFQAFPAILVAILIASLMGAGLQNAIFAIVLVACPVFARLARAYARTAASAPYVEAAKVVGVSRAYLMRFHLFPNIARQLSVLFTIDIAEAIIAVSALSFLGLGAQPPTPDWGLMVAEGRAYMQRAWWTVTLPGLALMLTVLSINLLGDSLRDLLDPRGQRVEMQADAGETSEGDAQA,9.421692084288225e-07,0.9999990578307916,146.625
MAHSRNFYAVLTTAGETKLNAALALGQKMNFTAFAVGDGNGQSFMPNALQTELINEEWKKGLGNFSTDPANPNWLPAEGVIQGGVGGFYLREVGLLTDAGELVAIANCPPTYKPLMTEGTGKVQAMRFIILVSSTANIALKIDPSVVLATRNYVQLKQVELQNAIDDAKVYVDQKTANLKSGLNIDGQKTITGDKTFGSTGQTLSGTLSVGGTSTLNNLTVKGKSDATFPGALSVKGNFVLDRSTDGKIYTTTRAGEYYAVIDDTFRID,0.00019439897732809186,0.9998056010226719,146.625
MAALSFDQYLVHLETARHWSRNTREAYCRDITALLQYCAEQDFPTFTAAHSRDWWIELLQAGMSVKTMARKLSAIHSFYDFVLRTEQRVANPCAGLSAPSRPPHLPTTFDEPGVSDLLGVPTSDYACPPDAPSHALALRDRVIMELFYATGIRSSELIGLRLADLNAASDHLAVTGKGNKDRLVPIGSVAQTWLRQYLPTVRPAFVDPNDPESHALLLNRFGTSIGRQGIWKILCQYTQRSGIAKQVSPHTLRHTFATHLLEGGADLRS,1.331762450718088e-05,0.9999866823754928,148.375
MMGDKKTILVRTMVMICIFLFSGFAAAEEVTVYSFKDPATKPLIEKFSKLHPKTKIQWVKDGSGAFKQRLLSEKDNPKADVVWGYASVSYLGAKEKGILEPLKTADFEKFKAKLIDPNNKWHGLYAGLITLVYNKELLKHGIKYPKTWADLANPKYKGDIIMSDPRTSGSSYQVLASVMYVHGEEKGWNYLMNLKANIYTYTLSGSAPGKAVSAGEAAVGISPYFFALEVKNKGASIEVVFPKEGTGYEIGAISIVKGCENKIEAQKFIDFYLSKELQD,0.0027467559557408094,0.9972532440442592,149.0
MNSPHPTANRTRARLQHRPSPFAIGAVASILVTSLPAIAQEAPPVAGDAAGDDGEIVVIGDRFRGSTALQSSTAPIQVIDREALLRTGATDVANALRSLTGVSFNEVGGPGQYTDLRLRGANANQILLLVDGIRVNDATDGSSPFENLPVESIERVEVIRGSGSALYGSAAIGGVVHIITRRGEADAPEVGVETHVGSYGTYGGGADLASGTDRISVLGGLSTTHTAGYPVRAGQGASESDGYRNTSVTARGRIDVAPGTELTVAAEASRADSQ,3.195439148839796e-06,0.9999968045608512,149.0
MIGDFGTVSAALITPFKSDGGVDFEALKRLGEFQISKGIGAMLILGTTGEASTLSLDEQKKLVEIVIKETNKRVPVFAGISSNNTRELKELKNMSEVGVSGILQVIPHYCKPSQEGFLKHFMSICEASKLPIMVYNNPSRAGVDLSSATFIRLQKDNDNIIGLKDSSGSYPFYNALRREVGPDFSIFYGAEEMFVLGLLAGADGGIVACANLIPKLYVRLFDCVQAGEYEKSTRLQHKLSELNRMVFYENPGTVKYMLSLLGMPCGPIREPYFDMSDEEKK,1.3990278375786147e-06,0.9999986009721624,153.75
MIHDSSRNSVTRLSAGQPLGSFLLQQQIGRGSFSSVFTAFDTVTEVRIAIKVIDKARLNAYEQHCLQRETAIISSLRHPNILPLYHYGESERFFYLIFPFSRGTSLEELIARHRVLEENDARVYVREILSALTFCHEKGIVHRDVTPSNFLIMADGTVFLADFGLATKVHDPRQRVGARSIAGTCNYMAPELVRCEYYPGPAADMWGVGVVMFQMLTGRPPFDIPSTAETIHRIVHSPAPLPRSISAGAMEVLRGLLKKVPEERPS,1.2583683428601944e-06,0.9999987416316571,154.375
MHLSTNRQGPADGPGPVVLVVGGGIGGLSCALALARKGAQVTVAEERAVLEPVGAAVHLTPNGLAVLRALGVHEQLLAAGTAPEHAESRDHHTRVLLAHPLGELLRERHGTPGITVHRSTLLDVLRDTARTIPGIELHTGRRVTRITTSPDGVTAELASGAVTRAGVLIAADGLHSTIRATLSGAAEPLYSGSIAWRGTVRSADLGPAGREVCQIWPGRAHLVAFPISAAGTGGPQAGGRPAPAPGGRRAGDDGAGEAGGSGRALDRRGAARGGGPAPG,1.6453803254989907e-05,0.999983546196745,154.375
MNSDKQTQQRTNNLMMVPVLLIGILFIVASFVIPLYAPHDPNQSDYQKRLVFPCSKVHLDGSTCHFFGGDLRKHLLGTDDWGCDVLSKLIYGGRATLQIGLFVVMFALLVGAPLGTFSGYYKGCWSDILMRFSDYFLSIPGILLAIAIMAILSESIPNLVLAVGILGIPSFVRIVRGQAMRVRDMDFINAAHALGAKGWHILVRHILPNVVAPIIILATVEMGIVILTEAALSFLGMGVQPPMPSWGATIAAGEQFIHIAPWMIVFPGLFICFAILAV,1.0010188589149038e-06,0.9999989989811411,154.375
MADLERQKLLVNLQLKIGIPGLEVNTANKRVLDIRALPHIAVSGTTGSGKSILLHTVVLSLLYRYPPDEMELYMFDLKKGVEFDSFFKMRHLVGKAVHNLEKTVGVLRRIEEEMGKRQAMLEKIGCRNVEAYNKSKVELLPKIVVIVDELAAYVMETPDLEAHISDLAKKCRSAGIHLIVASQKPTVASINSAIRDNFPTQIAFRVVNNIDSRTVLDTGGAEQIENRGDMLFKVLEYPRIRRVQGAFITEENIEKVVDFYKQNWVG,8.116175195027608e-06,0.999991883824805,155.5
MYLEVHNIRMKYDEREILQNINLHIGIDERIAIVGPNGSGKTSLLNLITGKLTPQQGNVKRIALPYLSQDQKLDKEATLKTLFFNNDSLKSFENIMMLAEAEFGNLSVTEYNNLTEKYNHENNYHIEQQAKKIIEGLGLDNQLNKQISQLSGGESRRVHFAKILLKQPDLMIFDEPTNHLDINSLEWLEELLMAYQGAILVITHDRYFLTNVTNKIIELRNEELSFYTGNYSQYISKKEKRREQESVNYKNIEKKLRMEEEWIRSGARARLTKQKARVKEL,1.9450817489996552e-06,0.999998054918251,156.75
MMLPHEPTRRPAARPLRLGTGGWTLADPGLGGLYPGTGRPDDLDWIAQHADAFGMLELNATFYRVPDERLVRAWALRTPDGFVMSVKAHRSFTHHRASVGDDDPAAFAEDLLAPLETLADRLGSLLLQTPDGFDTRRADTLLAFLDRLDGPRAAVEVRHDSWFDPTVWTLLDRHRVLFCNADIPRFPVTPSATADTAFALVRFIGHNWHPTDRPKERWDDWLERISAWRREGLQVYAFFHQPETAPTATAVARLRRSFNAGGHPLPFADGDLTGG,7.87371118349256e-06,0.9999921262888165,158.0
MRRDAVRCTITISGQIDSVLTEEAIRELHARERNLSVERLTIDLGRVVSLDSGGLLLLRRVSERYGGRGWTVVPASETIRQLLQRCGADLDDAAAAMPTPPHRFLSWFGQRALASCRTQKALLDLGWFFLEAGAFAARSVRWRPPRLIHIVRQMEHSGMNAIPVVGLLAFLIGLVLGLQGGAQLEVYGAEIFLVDLVAITVTREFAPVLTGIIVAGRSGSAFAAEIGTMVVTEELDALEAMGINPVRRLVAPRMLAVLVMLPLLTVIANVFG,1.5502550922974478e-06,0.9999984497449077,159.875
MNNNNQLSLSVCYITYNHEKYIAQAIDSVLMQECDFTFEILIGEDASTDGTAAIIRSYETKYPNIIHPLLKDNRGALPYRAVSADHRLAAGTFVALLEGDDYWTDPYKLQKQLQYLQAYPNCSMTFSNEEYTYQDGSETYENYHYPKHTSRISLEEIILEGSFINTASVFFRMNQLGPELPQWFLQARPGDIPMFLYMARFGKIMFVSELMCCYRLSTVSSWHSNTPSERQKAKEKFLKIYYYFIEDFGDDRCFQAVKN,2.1858793388673803e-06,0.9999978141206611,161.125
MAHEPDPPSGLDARKVAGEVKVAQVFSGDTLRVRFGDGTEQRVRLIGINTPETVKPRTPVQPWGREASDFTKAILAKKRVTIYLDPTQTDRYGRALAYVYLPQGGIFVNKALIREGYAFAFTFEPNKIHMSVFKAQEARARVHRAGLWSLPAYVTNGAFTGSRGPGSYAVISGTVRKVLQSGKRFVFLSNGAARPGIVVSAKSSARSRFRNRKLDSFKGRRVLVRGTIRNARNRMQIVMARPEDIELLRANPPLPTPVPAATPAPSPAAG,0.00012580378097482026,0.9998741962190252,166.875
MIGDGGDGGEGFGGGGGGLGGAGGAGGALVGDGGAAGAGGAAGQQNGGAGGGGGAGGLFGTAGAGGGPGGTSSDAGGGSGGQGGRAGLLIGTGGGGGMGGESFFATGGPGGAGGTGGALFGVGGSGGAGGDGGAQTGGEGGGGGLAGNAAPVGLLGSGGVGGVGGQGFVTGIAGGAGGLGSLLTSGGAGGAGGTGVALNTGANGAQGGSGGHAGMFGFAGAGGSGGQGAAGGAGVDGSPTPDGGPGPNGGPGTGPAGANGGKGGQVFGDNGNAFTPGGQAVAVTGGAGGEGGDGGYTGGA,3.019055156983086e-06,0.999996980944843,167.5
MNNNNFKCLVVEDDKIIQQYISNILASYKNLKLVSYCSNAQEALDFLQTNIVNPDMIFLDIQMPVLSGWDFIKDLPCEIMVIFITAYEEYAIEAFEYNSIDYLLKPVEKSRLIEVVERACKKLQHQPINQKKIENYINQLIQSKNQKFTIALQNGIKLLNTDNILCVEKEQKYTTFYLLSGSKIPILNRLSIKECEEIIESDNFIRVHKHFIIALNKIDRYEKTEIILKSGTILPVSVNNKKHFLQVLRTLI,2.1540643047046615e-06,0.9999978459356953,172.875
MNSDKFFKLLSYSIPGIAAGLIMSIYNTVADGMFVANGVGANALSAVNICLPMVNVAFMTGTMIGTGTASQISIQKGQRNKAKAQSFFTTIMILGIGFTVVTIILMVIFSDSLLTALGANGTMTRAAEDFLNIIILCWPLGSFSQIMSNFIRNDNAPQLAMIAMVTGSITNITFDYLFIFVFNLGTRGAAIATGLAQFISFILYLLHFFTSKSTLRFVKPKLCFNFNLCKRIAGVGFAPFFIEVSYGIVMLICNLVIIKYGGLEGVAAFGIFTNVTNFFQGL,7.507281338803296e-07,0.9999992492718661,172.875
MAFLEKDTVVESANKEENLKVDIKKRQIADKTVKEQRPILLLSDIHANAACLEAVLRDWRAYGPREEVVLLGDLVGYGPHPAEVIREVKAAADLTVLGNHDYGAVGITNCRSFNPRARHALAHTRRLLSAEQEAWVRGLDRMTTDSHGSKFALVHSSPLGANWNYLIEPRCGIWTFDRLRCPFRFLGLAHTHRPIIRKRSSDYGKPDPRRSPFTACDVVLPDEGKILLNPGALGQPRDGNPLASYAIYDEKEGTAE,4.681377504311968e-06,0.9999953186224957,172.875
MFSPAHGAGFQATDAIMKAAVLQEPYGWQVVEVPAPTPGPGQVLVKVTATGLCGTDVHLYRGEYSYLKPVGGQEAVLGHELSGRIVAVGAAAAGLKPGDKVAVNHQFACFDRTRGLGALAEYTVVKTSQLHPLPDGVSADEGALIEPCAMSLHNVKRAGVQHGGHVLVHGGGGGVGQVAIQICKALGAHVVTTTGSAAKVPIVLELGADRAIDYAAADWSDLARRCGSGDGIDWVYDPVGTPEMPRRLALLSPQALVLSNPGGAGPSGPGLTLYW,1.7294294593739323e-05,0.9999827057054063,179.75
MIRPHHYSRGGVTKRGKRVRRFGTHFTIDGKERRLGSFRKEEDAEVAKARMESQLGKSMKNSAMSLGAWVSSWLQTKVDVVGPDTVFRYNRCAERHIIPYFPKKALSELKPSHLQRYINYKLGCGCAPSSVLQSRKTLSAILRDSEREGLIPVSLHPIIKIPRPRAKSTQPRPFTREQARSILEAVSTEHGPLYNLFFAIGLRQGEALGLQWEDIDFENHTLEINRVLVRTKPSDCLVFDEPKTETSERT,3.887642833433347e-06,0.9999961123571666,179.75
MYSPVNKQKKLKEKVDSGQHNLLERLLKNFEENGHSEPAEDTLKARDHMNELISAGADTTSTVLSTLVWALLSDQDVQQKIQDEVDEVAASSRVPTFKDTEKLPFLSACVKESFRSYPPVPLGFPSRVIPPGGFEINGYFFPAGTVLIANIWTLSHDPETFPNPEKFDPSRYLEGELKDIPNHYIPFSVGKRVCLGNNLAYMELYMLIATILQRLTFSQPGAKPITPPLPAFTDDIVNSRDLETEIIGRSRKRAEFIRQLAQE,1.76742162238952e-06,0.9999982325783776,180.375
MAVLSALVLWLPAVFAGDRAPDGFVGADNCASCHESIHGQFRASSHHKSFVKAQSSEAVLGDFDGARYEEDGVRTRFYRSKGKFFLQTENEKGEFEKYEAKFALGAGTEGQTYLHWDGKNLVQYPIRWYTEDRKFNWRATYLTEDHCLACHVSNVRPRFDDPSSTYSTKRAISELKVSCESCHGPASAHVALARGGTPKGDDESELANPARLSPRRRLEACGQCHLQTSKVVLPKPGFAAFDYQPAETLEQSRVYVLSAPAWTAS,0.0006826352910138667,0.9993173647089861,182.5
MAYSVLILDDEPLVRKGIRTAIDWATLGVGVIGEADNGLEALEIVRHTPAEVIVTDIQMPNLDGLTLIQQLRTQYPDMVIILITAYNHFEYAQQAIKHGALDYLLKPITPRLLEEALHRSAQKISENRRQKSQYPLTDENERKIQYLRSQVMRQWLEGELSIEDTQAFQAAAGLSLGNAFEVTIAHLDGIAGNELDHWLSHFHLQLLSFAFENILDDLFHKEEVVPFTHDNQLIALIQNASASEARDLGYQFVHFLRTTVCENLLL,8.59811507325503e-07,0.9999991401884927,184.0
MYLPVGSSGQAGKPAASPLRWVLTLSALPLAVSLLFLGIAALGRGWQWPDLTLMLRSPQILQGILLTLQLAVATTVLGVVLGVALSLLRLSRGGWAQWIATGYLWLLRSVPVLVQLLFWYNVSLAFPSLGVGLPYAVLALFLFNTATFSEVARAGVQALVPGQLEAARTSGFSWWRTARHIALPQAIRLVLPPTLGGTVALLKDTSLLSSITIVDLTYAGKVLVANTFHVFEAWLTATLAYYLVMIALVTLGARLLERAAAQLHRRERRRAGGGAAPGTPTA,1.0906995839832234e-06,0.999998909300416,184.75
MMSDKRNCFHIGGNMVMHYVASFARAGLDRTTVVLNRNAASAQRVADQFQKWNVAVTTENVPPLLASDSLGVLSMGIHHIFDADLVSAMDNGYNLHSSRLPKYRGRAPVNWATINGEKRFGVSLHWMDDGIDTGDIILEQTVEISETETALDLFQKAVEYPAKMIADALERLRSGDFIATPQDHSLATYFSRRTPADCIINLEMSANELFRAIRAVSHGPIANTKIYIRGETLKIYDARQNGPYQNCKPGEIVEITEDGVAVS,6.2244953369372524e-06,0.9999937755046631,186.125
MARLSVIEQLHQQDATLKQKLLELCKVNEQNLLLNYTLEREKARMREIAQLEKLVEEKTAQLIDANEQLKLQHHSDGIINSIVRRSHDMLIVLDSEGIIRSVSTSVKEVYGYDEDELIGATIQYLVHPDDIQTAQNQLIEIMAGKVDNQEISCRLIKKDGEITDVHISARIFNDEQGNIKGYSQVSRDITELVRAHKKIKQLAYNDFLTKLPNRRLLQDRLNQALSSAQHAKHNGALMFLDLDRFKLVNDSFGHHIGDRLLKEVAYRLKQCIAGNDTVS,3.553974238457158e-05,0.9999644602576154,186.875
MHLSATALPWLPYLLWCVPLLLLWRLWRHMRRRRLPLLALLCALLAVAGCAPQPPAASPNPSPAAAPHAAPLAVRVIRADRGERRNELKFTARVEAPERTDIKPKANGKLVAVFVQEGDQVAKGQLLARIDDKELRAQYRQAQAQLRLSEAQLQRTETLLRQQFVSQSALDQARNALELAKAQVQSADANARDTRVVAPLSGRAGLRLVNEGDVLTANQTLMTLDDNSQIKLQFGAPAPHLRDVQVGQTVRVRIGGMGQVFEAEVFAREPRGDTASRTAQVRML,0.00013228660100139678,0.9998677133989986,187.625
MNSDKEKLWEVFIEDAMALLNETEEVLIGLEESPLSRKDLNDIYRIAHTLKGSSASMGMERMGTLAHKMEDVLDLVRKGKLKVDGDVCDLLLESFDMLRDMLRKTADDGEVEVDVGPLISRLKGISDIDGKSKKSNSQTPVDSAEWKIIYEYSPKMYKEGLNARRFLNELDKLGNLIKLEPDVDEILEGEYNPEKLNILYLLITKTDRGEIENVVKFVREVSEAEIIKLKEDECGADGSEKDTTSRPESDHSIAVKKSDAPVRSVKVKIERLDELMELVSEL,1.0620477951306384e-05,0.9999893795220487,189.875
MIRPRLTQLILVLGILGLVIVSGCVSRNVSGDWERAFRALRLGAGAAAEQRPEGMLRAALQEMDKAALLSPENLALLETRGMVLRDLSKFSDALEDFDRAVQLHPAQAEAWINRGLLYDRMGRYRQAVESYTQGLEKDPEDLRALRVRARLYAYLEDREAAALDAEQVLKLEPRNEAALNNLGVLYLRAGEPEKALTALSRAVAADPQFAEAFYNRGRVYSTLGRYREAAEAYKRYLEVDPLDASALHRLGMTYYYLGDYDKAMASLRSALQADPS,0.0012903842143714428,0.9987096157856286,189.875
MATLGIDIGSDFIKVVEGCYRYNRHGISLIEYGMKKIPPGIMENGKILDLDVAANLLNDFYSKMRFKKKVVSLSVGGSCVVTRIIEIPVLPEKKISESVFWESKKYIPIALETAAVNYEVLKRREDADSRHFDILVAAAPKEMVKSYTDLIQAAGLKPSLMDLDSFAIERSVLAYENLPDGAKKPVLVLDLGDHQTSIGVIANGKLILARTIHIGGRNITEGIARSLKIPLEEAEIKKKEYGLDAVSGGGKLETSMKSVLDRIMVELRRSLDLYKSQNGGEEIR,1.0396735206086305e-06,0.9999989603264794,191.25
MASSEILKFSTLHPLFIHSSDSLGVFLVSLQLSGEESYAWMSSIRVVLFSKRQLGFVDGSCDAPVGNSLLKQEWDCCNAIVLSWLLNSVDKSMAQSIMFVGSAEQVWLDLQDRFSQKSGPRLYVIQQEINSMTQGTDSVSVYFSKLKELWDEFAAYATFQCSCGALKSIITAQKEQEHVKFLMGLNEKRTIVVAATMGNKAAEVIGCFHPNSEKGPWSFVMNFSAFQNNNFLKKKVTDGKSDSCDHCHLCGKDNHIVTACFKLIGYPQWHKY,1.206437900691526e-06,0.9999987935620993,191.25
MNSPAIRVDHVTKWYGQFHALHPVDMTIERGAVTGIIGPNGSGKSTLMRCVTGMFPMSGGTIRVCGQDIASHRRQILHRVGYAGEQNSAFPYLTVFENLTIAARLRGIPTAATRRRVASLRRTFDIEACLQTRCQSLSRGLQQKVQLILAIMHEPPVLILDEPTAGLDVRSREALVQAVQRHTRQGSWVIFSSHYMEDIAPLVDTVVVLDEGTVFADQSRESLMERLHGPRQVRLSFQRPVPGDLWGVTGLRRAGEVLRIETLDRESFLSVLEHGTDLRAIQR,1.9340961898706155e-06,0.9999980659038101,191.25
MAWERFKLLILCSLLAVVADIIYPAIVKLTVDDGVLLGNTAALTQTGLFMLLLAGLKALFLYGFRRIFVGSGHSLELAIRNEIYDQLLMQPQSYFDSRQTGAMIARATSDVDRVRRFLGYGFCLLVDWGVILATTLCAVIVLNPRLTLIGLAPIPLLGLIIYLFHKKVRPTWNLVQQRLAKVNARVQETIAGLKVVRTCGLEEFDQQRFKAASEDLFVRNLRSAKLFASFQPVMEMLTALGFGVVLYVGGLQVIKGELTAGEVTAFVMYLQMMFWP,1.1288562973277294e-06,0.9999988711437027,192.0
MAHSVSIYHEIHGLETEYIVLNNLRIHYLDEGKGPTIILIHGNPLLWSLWRHVIKQLSEKYRVIAVDLIGFGKSDKPQEVDYSFQTHMDYLDAFFNALQIKNIGIVGHDFGAGVGFSYVSRYPKRVSKVVLLDIPLWPWAPKTLRNFWVKFQVPAIGEWAFKRFNRVFIVWSVLMQMLFRGEKVTLDVIKAYSAPYSSPSVRKAAYAFPRVFIANNQESYFRYRDETLRHLPLPVLSLYGDYNPIKPQHFIRTFLDT,2.705959786908352e-06,0.9999972940402131,194.375
MAPDVHHHGRDQRRVIIVGAGPVGRHLGVAAQRQGWDCTLVARDARPWSGLERRGIEIRTVNGDEHHAPVAGVPSEEFVARVVVCAVKDHDTAPALVRLRHMLGNDTVLATLQNGLNDALILAPHFGPERVLGGVTHYNATALAPGVIEISRAGRLTIGDLPQHEGAPAIGALVAAFRHAELAVRFDHEVQEVLWNKLLVNCVLNGISARLRMPLADLIANADTRDLMRALMDEGIGVADAAELNLRLPHGEHVLEQMASMIAPGHRSS,4.772247393702855e-06,0.9999952277526063,196.625
MALLGDLKVRLADIGDAASVQAALMESFARVARRVREGADVAEASIELTRLADGEGRVLLLGVSGEPVACGGMQRAGEGVAELKRMFVRPEGRRLGLARRLIDALEAALIEQGCTGLILETGERQPEAIALYRASGYAPCVPYGAYVPDPASLCFAKALRPAPVAATVPTTSLLAELAAAVRRWPGLAAVALLERRGGRRMLLWCQGDTLRVVGSTDAERRALRQLAARLAAVVPAEPMLWFPDTAADEVALGRLGWHGQGRDSPLIAT,6.0780448620789684e-06,0.9999939219551379,196.625
MAGLSARRAALAPLAGALLLTSLDPTDAAAGPAPATAAPATAPAAPDPGADAVRAERWVSPAGADTGDGSSPRTAWATVGRAAGRLRPGDVLAVRGGRYAGQVTVTGTAPAPVRLRPYGPGRRPVLDGGQLLGSGSTSTIRVQGLWVARTAAGSGYAVAARGAHGVVLQDCVVRSTRAGIRIGGGAHRVLVREGTVADLTALPDGWQCGGFEFSRVDGLRIVGSVVAGNSGDGFTLDEGAPGTVVLSRNTLSGNRPGHAGGQSGEGIDAKEHSTGTLL,8.886510840966366e-06,0.999991113489159,197.375
MASSSASPPNHLDIFIRLRNTNNGGADECSVFGNDIVRCNGVSSDSPYCFKLSGPQDSSLDAIFEETGLLPLLDHFLKGTSATAFAYGVTASGKTYTIFGDYRDPGLIPCAISQLFDLLVENQKSYQVMIEFMEIYNDYVHDLLVEESGEASEIKIIDDSNGTVSISNLSMYPVTSPDEGLKIIQLGNENRKTQETELNTESSRSHAVLQIQRRIITPRGSFVAPRQSIKAQLTFVDLAGSERQLKTGAVGVNLKETIAINTSLSALGNVI,1.4857760106679052e-06,0.9999985142239893,197.375
MFESVYRHLHIWIDGTGPGLFVWLVVLAETVIPFVPSEVVLPLAGIWAASSEGHPLGIVLAAWAGALLGSLLNYAFGARFGRKLFMRFTGRFLFNAKRLEYVGRWFERHGAKVVFVAKLVPLIRSLVTIPAGLSGLNFQRFMLWSTLGAGVWVSIFITGGYLLGDNWQTVEQYLGSFDRVMIAVVGAVIVVYLAFKFARKFFRSSSRDGMEGGKDLGPDRGSASGSGESAGSGAGRRSLLRFRRARSLAGGVRRGRCGWRGRGGNGTDG,7.744155823274923e-07,0.9999992255844177,201.25
MYESLLLFSLSLITLMAINSAKLFGKLLQIPQVFGELLFGIIFGNIFLELLKDMDIAIFKIIADVAIIFILFESGYDTDISDLKHAGKKAVAVSFSGLVLPFILGFFISKYLFDVSLQLSMFIGASLGATAMTVVFTLLKTIEKLNNTIGVSILAGAVVDDVFGLIILSVVGALQRSATINLTMALLVLAFLAIIFLSGRWLTPYLIRIVDKIDGERGILVIALFLSIAFANLADWLGVEAVIGAYTAGFIFSSTIDSKERRIKTIKSLISQIVPVFFFSYIGL,7.561444022030628e-07,0.9999992438555978,202.875
MAGGGRAIQDNGRARFFSLPPGPAGHLFGDLLEQSRREPLHLWFDAHRKFGATMRYRVLGRSLNLICDPEQIRDVLVTHGARFSLRDFVPRGKELFGDGLLATHADDMWRHHRRLLRPLFNKAALESMTPVIAAAVQQQLGALEVADPETLDVGRAMWRITVDIACECLFGAAVDSEAVEVAAAFDAALGAITRRMAHPLVLPGWVPTPGYRRIRRARAQLERVINASIAARRDAGREGHDLLGMLMNVEDGPGGKARALSDADIRDELMTFLFAGHE,5.106978733238066e-06,0.9999948930212668,202.875
MAGLSTELLPALRISRWDGPQWGLVVAAVLPPVALPYLLATILLNLMRALGDLRMAALAASAAILFNAVVNPLLIFGLPMLGVIGAAVATVLGQGLAAVAYAYRLTRHHRVLPLGALPRFGPLRRLIRVGAPVGVTNALSAIGLSTLLMAASGLGAVALGAQSIAFTLESLMFMPAVGFATAVTSLVGARCGAGEYDRARRMLWQAVRYAMAAVVVASLVLTVAPQFLLALFADDPMVIAGGVDAVRILAVAQPFYGVCITVVGSLRGLDHTAIP,1.2075602171535138e-06,0.9999987924397828,204.5
MVHPQPADLRYIHDEVKLGEFQCLHCPYKSYKTKALMQHKCHIHNMAKPFEKHQCALCGEAFFQKCVLKDHLNGHKGLLPHQCEVCGKGFAKACHLQGHKKLHSRDKQYECDKCMKKFKQNYHLKLHTRSVHEGKRYPCNSCEQVFGHAAELAVHKMRHTGQRPHHCKQCDLKFTCSSLYVRHMQMHNGEYDFACPHCAFRTPRKGDMYRHRKTQHAQEWPRKCPAECGLTFASKKEMERHRKNMHGEYPP,7.012840796960518e-06,0.999992987159203,205.25
MANLGNGGVLLVLLLTLFLSHLQWHCAQQQQQQQQQGSFGVSEIVCFTDINGKTFPLTQNAVLINNQFIAAGDMGHVRAIAAKYGADIKTVDLEGATVVPALTDAHIHLLMHGIGRTLIPVNLKGASSLSEILEMLKKEVAATPPGQWIIGRRWDQYLWQDGQLPTKEFADAVAPNNPVLVSRGDGHFAMANAKALTIANITKQTPDPPGGQISRDPDTGEPNGILRETAMAMIHSLLPSPSEHDRKDALKAATQGLIAHGVTTVGGLDPGVYEPAA,2.0685232811956666e-05,0.999979314767188,209.25
MQSPPLSPLHRRIILPLLCLASLNALCFFGIVTITGDDFRAAPTRIVSVTPALSEIVFALGSGNKLRGVSLYSDYPEAARKIPRAGSMSDPSVEKILALRPDVIIAAGSKTEMIAALHALGIPGEVIFPENYWEIEQSILFIGRAADSPALASRFRSLRRETRRGMAAWRRSSGPIVRVFFEIWPDTLFTLAGKTLINDAISKAGGRNLATRITARYPQVSPEVIVSMAPDIFLSTEPDESAWIHWGKWPTLRAVREGRVHILNRPDLIR,1.1174106475664303e-05,0.9999888258935243,211.75
MCGSQRTFPKIEPDSNWHFSIRPFVIEKYRGGRRPRACSRGEVHFSTIRIFPGSDGCRMNIVRFTAVVLTTLLLMPSPGWAHTGSKGAFLTGFMHPVLGLDHLAMALAIGLWAAQAGGRAVLVPAAFLSGMVLGGVAGLTGLPAAPVETGIMFSVLAAALVAMGGRRGKAGFLVSTVSAFGVVHGYAHGAEMPTAVQPMMYLAGFLLGTAALHGIGVATSHRLSVGRWVLRVVGGGIAAAGAWFFWSALPAVNGLG,2.2664219159196364e-06,0.9999977335780841,212.625
MTPDRLSTKCPVLVVLQDFRCSLPERLLWLWPPLTPLQDLWIVMNPERLCDLNKWRFHLSRCLDTSQTCTDCCPGKPGKEGPKGAKGERGEQGIMGYPGLMGPNGAPGPIGPPGPPGVPGSEGLPGDVGHPGQKGEKGERGIAGINGLIGHKGDKGSLGNQGLRGPPGPPGLQGMKGYKGESGPMGAPGAGQKGEPGLPGPRGSPGPPGEKGKDGDVGPHGVPGEPGEAGPAGPPGPAGPQGPAGDAGESGEAGPQGPPGPTGPQGPIGFPGLDG,1.1947262237299583e-06,0.9999988052737763,213.375
MYGPNGSFSPCFKLGNVLTQSFAEIYRCFDIYLNENVALKEFLPEEYARDLDAMNRFRSEAKAIGSLHHGNIVTAYDIIECPDGAYYIVMEYVEGLSLQKLLNRMRERNEPIPWEIALHLSVKICYALEYAHNHVDVVHRDLKPGNMLINHHGAVKLMDFGIAQSLNSTSLTSHGVIVGTPLYSAPEQLQDEYVDHRMDIYSLSLVAFELLTGQRPYIAPNLYALLIKQLQEDIPALREVRPDVPEGLAKIVEKCLAKKPERRYQNASDLVSALSDYQDAMLKAGKN,5.5902687563502695e-06,0.9999944097312436,214.25
MATGSCARIRTSLTDSSPRRSCWSRRCPGWPSATTSICVSRHAAPPPISRKPTAIPSSRWTGWTRPLRGRRRPRQLCWPSRGCGRTRCPRPPRCGSRSTRRRRRPPEIRLVGAHGIGPGSGAAGAWARALHRHGVDATVDPTDLEYRDLDRFDVIVLLGGGQDIPPELYERERFTARNAELDRGCLEQALAADLPVLGVCRGAQMINVARGGTLHQDLGSEHTDVTGTYGIPRRPVPVRAGSRLAAIADGRAFPVNALHSQAVTELAEGL,2.8317290343693458e-05,0.9999716827096563,216.75
MVNPQKSSPRFYKAVPATREEPKPAPVTLTTPRPETPVESAQRAPVSPPIEKITPKKPDWKKWKPLVVERTDPYQLDCGTLLAFRKFMEGQPENRGGSLLLLVEEHPIYTCGIRKKKTDLPEETALKALGAEVYRTDRGGDITYHGPGQLVIYPILDLKKHGGGARDYVQKLEEVIIDTIDQFGFSAFAKEGLTGVWVKGGKVFSIGLKVQKWITHHGLALNVTTDMTPFKRINPCGVVGLQMTSVADELGVRVRLDDVERIVVENFIKKFNCKLDE,2.789322752505541e-05,0.999972106772475,220.25
MAYSLLPPEVHAGLFTAGPGSAPLRAAAQNWAALSAELDITGASYTAAISLIADGPWQGPAALAMAAAAAQPYSQWLAATCEQAQLTELQARAAAASAAYEHAFSATVPLSTVEQNRIRLLTMIEANMFGFNAPAIAATEAAYAEMWAQDAVAMYGYAGAEATATLLGPLPGPTAALPQPPGGDKGAEAGDLLNQLITSIGPMIDTLNDSTAALIQSTLQLLNSVPGTISALGEALNVLTGLSAAFGAAAAQGLGGMSGMPSAPNALAGLGGMALTAPAAPALGKL,0.2266252040863037,0.7733747959136963,220.25
MNDPFHAEPGSAGPTGRTSYERLRDLLRGEIIQRRLAPGTRVSEHTLATEFNVSRNTVREAVTRLTTDGLVVREPNRGATVSEYSPSDVRDVFTIRLAFEAPAVRDATALATAAGIADLAELGERLERAQAGGDSVAGAEADLRFHRAIARVTGDVTLEDTFQGLTSRLALVFTMVRQRYKRWDDAADEHRRILAVLRAGTPAETATVLRTHLERTGLSVLEAMDRQESHATGQRPDRPRPAHSAAPAASAPSTTPASSQTPRSSTAHPD,2.841937202902045e-06,0.9999971580627971,221.875
MFSDAVGKFVAGIFRKSMNMDQRIASPLLVSVAITTVILYLGMGIYLVTHGGTPSINFATAIYHAVEAVATVGFVSSVKEAKNLSATGQFLVMLVSLGLGTFLYVFASALFVIITEKTIWSRFRIRKEIGHMADHEHIVVCGYGRIGRVIAEDLRAQKVKYVVIDKNPQNIVEAQDAGYTIVIADATDEEVLEKAGVERAKGLIVSLSSDATNIYCVISARQLNPNLTVIVRARSNETVDKLIKSGADSVVMPHITGGIHLATSALRPNIIDFMD,1.8732088165052119e-06,0.9999981267911835,221.875
MRRDTTPVTLTRTILPLILPALLLLAAPGCGGAATPGHPATPGTASTAPPTAPAEPDPALAAALAAAADTALARGPVLRAADWPDGVFYPVFGRDGSPVGFHVDVVQAVAVRAGLEPEIVHSTFDTLVPSLQNGHFDFIGAASGLTPERSDVVDFSDPYFQDGYALLVRADDPARVASLTDLAGRRLAANPGSAQQRLLREVEPGLELVTLPSGGEAIAALRAGDVDAVLADAFAARAAAGRDDLELIDLDVETLGWAVMFPRGDDALAERVNAAIARSMAAREYEGLLAR,6.045025656931102e-06,0.9999939549743431,221.875
MTPDRPPGDPPPDSPDPAAQAAAEARRRELETYCLALLRDEALARDAVADALTEALRAWPREAPVANLRAWLFGAAWRRLSDRRRRAVSRLHVLQSLAQRRPSAVDELDALHADDRAARLLFACCQHLSPAEHRLVALCLLGEAGYAAAAELLELPESTVRSRLSRAKARLRAALAPEPPPPLPAPVSPEGARRPGPQEPATLDARVRALAAQVLAGLGRAAPGRIALEPPPRRAARRPAPVRWATAGGLTVAAATAAAALWLWPRAPTPPGPVVAGHAVRAA,3.6284272937336937e-06,0.9999963715727063,221.875
MVNPYFQTMGPSNMTDNQLVYHSSGGQYPYGEQMEQVMASTPPMTMRNLSQDPILDPFGNVPTNDHSAHVSPPESNSPYGGMHSSNGSNPHLSISNPGMPPAFPPQPPSQQLSLPPQDSIVEELEKTNLISGRYHCGHCQQLFKRPQHKKRHDRSHTHSKPYVCRSPSCENAVGDSGGLKTHERIVHKGKKDIVCPNSLTAKGGPAYCIPETFSRCDTFKNHLKAVHFIYPPGTKKGERLNNISSWIK,2.1168659714021487e-06,0.9999978831340286,221.875
MAMENEVKLETDLNKLNKKHLHDLVCQLGARLCEPVELDNLYLDTPDRRLLSEGVALRKRFGCYVQTVKTAGDRKGWAIREKSEHAVGGGLFQRAEWEWETDAAELNALLQILPLTDAADNALRRPLLTVSTERCRRQLSLLDARLEVALDTGVVPAGDEVSEIEIELRAGDLSELFLAAQALADSLPLRPADLSKAERGQLLLGIARQKSKPALLAPELDASCAMATILRGCLAHHRRNAQAFLGQDEDALHHLRVTLRRLRSLLWIIN,1.1732801795005798e-05,0.999988267198205,222.75
MAAAAAAAAAQQRRPPPEPTFRAAVQRLAAAARQQGHLPAAPEAAYQLACALYRAGQSEDAAEALLANCAAAPEGSYLAAAHNAAAVLLTAGRHQEAASRLHAAARVAPRDASAYNNLALALQAMGEHGRARAAWEAALRADPAQAEARLSLARNLARRGELPEALAHAEAVVRARPGDTEGYLMRARVATRLGRLPESQAAYAAAAALRPDAAHLAHAAARFSPALCRYEDASVCLDTALSLNPRDPALDRVRGQAAQARQRLLHKQARSAAEGKQ,1.4292453670350369e-05,0.9999857075463296,225.375
